outcome,day,test,n_BP,n_IOBP,median_BP,median_IOBP,median_difference_IOBP_minus_BP,statistic,p_value,p_fdr_bh,fdr_0.05,nominal_significance,fdr_significance
Detected ROIs,1,Mann–Whitney U,5,5,1393.0,1611.0,218.0,11.0,0.8412698412698413,0.9600373482726424,False,ns,ns
Detected ROIs,2,Mann–Whitney U,5,5,1347.0,1243.0,-104.0,14.0,0.8412698412698413,0.9600373482726424,False,ns,ns
Detected ROIs,3,Mann–Whitney U,5,5,1310.0,1034.0,-276.0,17.0,0.42063492063492064,0.6375248015873016,False,ns,ns
Detected ROIs,4,Mann–Whitney U,5,5,1231.0,932.0,-299.0,19.0,0.2222222222222222,0.449074074074074,False,ns,ns
Detected ROIs,5,Mann–Whitney U,5,5,1324.0,897.0,-427.0,17.0,0.42063492063492064,0.6375248015873016,False,ns,ns
Detected ROIs,6,Mann–Whitney U,4,5,1119.5,927.0,-192.5,15.0,0.2857142857142857,0.5434173669467787,False,ns,ns
Detected ROIs,7,Mann–Whitney U,5,5,1179.0,782.0,-397.0,22.0,0.05555555555555555,0.1796296296296296,False,ns,ns
Detected ROIs,10,Mann–Whitney U,5,5,1225.0,736.0,-489.0,20.0,0.15079365079365079,0.37505087505087503,False,ns,ns
Detected ROIs,13,Mann–Whitney U,5,4,1191.0,820.0,-371.0,16.0,0.19047619047619047,0.449074074074074,False,ns,ns
Detected ROIs,21,Mann–Whitney U,5,5,531.0,799.0,268.0,8.0,0.42063492063492064,0.6375248015873016,False,ns,ns
Detected ROIs,28,Mann–Whitney U,5,5,330.0,704.0,374.0,2.0,0.031746031746031744,0.12599648286515014,False,*,ns
Active ROIs,1,Mann–Whitney U,5,5,33.0,41.0,8.0,9.0,0.5476190476190477,0.7551303037435542,False,ns,ns
Active ROIs,2,Mann–Whitney U,5,5,16.0,29.0,13.0,0.5,0.015970696353780123,0.08153460770087748,False,*,ns
Active ROIs,3,Mann–Whitney U,5,5,31.0,49.0,18.0,3.0,0.05555555555555555,0.1796296296296296,False,ns,ns
Active ROIs,4,Mann–Whitney U,5,5,58.0,65.0,7.0,8.0,0.42063492063492064,0.6375248015873016,False,ns,ns
Active ROIs,5,Mann–Whitney U,5,5,277.0,204.0,-73.0,17.0,0.42063492063492064,0.6375248015873016,False,ns,ns
Active ROIs,6,Mann–Whitney U,4,5,228.5,207.0,-21.5,10.0,1.0,1.0,False,ns,ns
Active ROIs,7,Mann–Whitney U,5,5,545.0,286.0,-259.0,22.0,0.05555555555555555,0.1796296296296296,False,ns,ns
Active ROIs,10,Mann–Whitney U,5,5,496.0,345.0,-151.0,19.0,0.2222222222222222,0.449074074074074,False,ns,ns
Active ROIs,13,Mann–Whitney U,5,4,457.0,480.0,23.0,10.0,1.0,1.0,False,ns,ns
Active ROIs,21,Mann–Whitney U,5,5,1.0,505.0,504.0,0.0,0.011667312343319386,0.08153460770087748,False,*,ns
Active ROIs,28,Mann–Whitney U,5,5,2.0,583.0,581.0,0.0,0.011925233593017602,0.08153460770087748,False,*,ns
Active / detected,1,Mann–Whitney U,5,5,0.024407753050969132,0.03243670886075949,0.00802895580979036,8.0,0.42063492063492064,0.6375248015873016,False,ns,ns
Active / detected,2,Mann–Whitney U,5,5,0.015590200445434299,0.025416301489921123,0.009826101044486824,6.0,0.2222222222222222,0.449074074074074,False,ns,ns
Active / detected,3,Mann–Whitney U,5,5,0.025954198473282442,0.05029013539651837,0.02433593692323593,1.0,0.015873015873015872,0.08153460770087748,False,*,ns
Active / detected,4,Mann–Whitney U,5,5,0.047619047619047616,0.07586206896551724,0.028243021346469624,5.0,0.15079365079365079,0.37505087505087503,False,ns,ns
Active / detected,5,Mann–Whitney U,5,5,0.2083058668424522,0.23943661971830985,0.031130752875857648,13.0,1.0,1.0,False,ns,ns
Active / detected,6,Mann–Whitney U,4,5,0.23902986984990973,0.2720105124835742,0.032980642633664486,6.0,0.4126984126984127,0.6375248015873016,False,ns,ns
Active / detected,7,Mann–Whitney U,5,5,0.46329723225030084,0.45454545454545453,-0.008751777704846309,17.0,0.42063492063492064,0.6375248015873016,False,ns,ns
Active / detected,10,Mann–Whitney U,5,5,0.4048979591836735,0.5039936102236422,0.0990956510399687,11.0,0.8412698412698413,0.9600373482726424,False,ns,ns
Active / detected,13,Mann–Whitney U,5,4,0.4681933842239186,0.6228363672880644,0.15464298306414576,0.0,0.015873015873015872,0.08153460770087748,False,*,ns
Active / detected,21,Mann–Whitney U,5,5,0.0012453300124533001,0.6320400500625782,0.6307947200501249,0.0,0.011925233593017602,0.08153460770087748,False,*,ns
Active / detected,28,Mann–Whitney U,5,5,0.006514657980456026,0.7916666666666666,0.7851520086862106,0.0,0.007936507936507936,0.08153460770087748,False,**,ns
Mean spike rate (Hz),1,Mann–Whitney U,5,5,0.0573970440522313,0.062106210621062106,0.00470916656883081,8.0,0.42063492063492064,0.6375248015873016,False,ns,ns
Mean spike rate (Hz),2,Mann–Whitney U,5,5,0.047854785478547844,0.06384567028131384,0.015990884802765996,7.0,0.30952380952380953,0.5664869721473496,False,ns,ns
Mean spike rate (Hz),3,Mann–Whitney U,5,5,0.06121579899925477,0.06617498484542331,0.004959185846168536,9.0,0.5476190476190477,0.7551303037435542,False,ns,ns
Mean spike rate (Hz),4,Mann–Whitney U,5,5,0.07222150786507221,0.07065866161084193,-0.0015628462542302823,14.0,0.8412698412698413,0.9600373482726424,False,ns,ns
Mean spike rate (Hz),5,Mann–Whitney U,5,5,0.07445716638702977,0.07494499449944995,0.00048782811242018,14.0,0.8412698412698413,0.9600373482726424,False,ns,ns
Mean spike rate (Hz),6,Mann–Whitney U,4,5,0.07739699847447798,0.0760112243108369,-0.0013857741636410792,13.0,0.5555555555555556,0.7551303037435542,False,ns,ns
Mean spike rate (Hz),7,Mann–Whitney U,5,5,0.10756075607560757,0.09035518936509035,-0.01720556671051722,23.0,0.031746031746031744,0.12599648286515014,False,*,ns
Mean spike rate (Hz),10,Mann–Whitney U,5,5,0.09561703833934797,0.08413136395606775,-0.011485674383280214,25.0,0.007936507936507936,0.08153460770087748,False,**,ns
Mean spike rate (Hz),13,Mann–Whitney U,5,4,0.11190181518151816,0.08894438020556289,-0.022957434975955274,20.0,0.015873015873015872,0.08153460770087748,False,*,ns
Mean spike rate (Hz),21,Mann–Whitney U,3,5,0.057755775577557754,0.07105494916068426,0.01329917358312651,5.0,0.5714285714285714,0.7592954990215264,False,ns,ns
Mean spike rate (Hz),28,Mann–Whitney U,4,5,0.11963696369636967,0.081008100810081,-0.03862886288628867,20.0,0.015873015873015872,0.08153460770087748,False,*,ns
Connectivity groups,1,Mann–Whitney U,5,5,1.0,4.0,3.0,6.0,0.1945108063828499,0.449074074074074,False,ns,ns
Connectivity groups,2,Mann–Whitney U,5,5,1.0,1.0,0.0,14.0,0.8173613313851769,0.9600373482726424,False,ns,ns
Connectivity groups,3,Mann–Whitney U,5,5,1.0,1.0,0.0,12.5,1.0,1.0,False,ns,ns
Connectivity groups,4,Mann–Whitney U,5,5,3.0,2.0,-1.0,16.0,0.5205826348001606,0.7551303037435542,False,ns,ns
Connectivity groups,5,Mann–Whitney U,5,5,22.0,9.0,-13.0,20.5,0.11607394330990008,0.341187045486676,False,ns,ns
Connectivity groups,6,Mann–Whitney U,4,5,14.0,13.0,-1.0,10.5,1.0,1.0,False,ns,ns
Connectivity groups,7,Mann–Whitney U,5,5,54.0,9.0,-45.0,24.0,0.015873015873015872,0.08153460770087748,False,*,ns
Connectivity groups,10,Mann–Whitney U,5,5,22.0,10.0,-12.0,21.5,0.07402608915793045,0.2316300209135243,False,ns,ns
Connectivity groups,13,Mann–Whitney U,5,4,8.0,8.5,0.5,9.5,1.0,1.0,False,ns,ns
Connectivity groups,21,Mann–Whitney U,5,5,0.0,16.0,16.0,0.0,0.007494957516935239,0.08153460770087748,False,**,ns
Connectivity groups,28,Mann–Whitney U,5,5,0.0,16.0,16.0,0.0,0.007290358091535638,0.08153460770087748,False,**,ns
Mean group size,1,Mann–Whitney U,4,5,2.0,2.0,0.0,6.0,0.24042078636843522,0.46641632555476437,False,ns,ns
Mean group size,2,Mann–Whitney U,3,3,2.0,2.0,0.0,4.5,1.0,1.0,False,ns,ns
Mean group size,3,Mann–Whitney U,4,4,2.0,2.0,0.0,8.0,1.0,1.0,False,ns,ns
Mean group size,4,Mann–Whitney U,4,5,2.125,2.0,-0.125,15.0,0.13121041451299884,0.3743355943459084,False,ns,ns
Mean group size,5,Mann–Whitney U,5,5,2.107142857142857,2.0,-0.1071428571428572,22.0,0.05241162867102868,0.1796296296296296,False,ns,ns
Mean group size,6,Mann–Whitney U,4,5,2.05718954248366,2.0,-0.05718954248365993,15.0,0.22724860991303364,0.4498594930931482,False,ns,ns
Mean group size,7,Mann–Whitney U,5,5,2.3214285714285716,2.0,-0.3214285714285716,21.0,0.09068836617120415,0.2748991099564626,False,ns,ns
Mean group size,10,Mann–Whitney U,5,5,2.2857142857142856,2.1,-0.1857142857142855,24.0,0.021176657854316622,0.10270679059343561,False,*,ns
Mean group size,13,Mann–Whitney U,5,4,2.0,2.0,0.0,12.5,0.5605090914385145,0.7551303037435542,False,ns,ns
Mean group size,21,Mann–Whitney U,0,5,,2.0,,,,,False,NA,NA
Mean group size,28,Mann–Whitney U,0,5,,2.1666666666666665,,,,,False,NA,NA
Active ROIs grouped,1,Mann–Whitney U,5,5,0.08333333333333333,0.15625,0.07291666666666667,5.0,0.15079365079365079,0.37505087505087503,False,ns,ns
Active ROIs grouped,2,Mann–Whitney U,5,5,0.09523809523809523,0.05555555555555555,-0.03968253968253968,16.5,0.4491772016102902,0.6703105931722791,False,ns,ns
Active ROIs grouped,3,Mann–Whitney U,5,5,0.07142857142857142,0.05714285714285714,-0.014285714285714284,15.5,0.6004018480969686,0.7663023587553416,False,ns,ns
Active ROIs grouped,4,Mann–Whitney U,5,5,0.1188118811881188,0.05454545454545454,-0.06426642664266427,20.0,0.15079365079365079,0.37505087505087503,False,ns,ns
Active ROIs grouped,5,Mann–Whitney U,5,5,0.18670886075949367,0.128,-0.058708860759493664,15.0,0.6904761904761905,0.8586691086691087,False,ns,ns
Active ROIs grouped,6,Mann–Whitney U,4,5,0.1022226695718075,0.11244979919678715,0.010227129624979639,9.0,0.9047619047619049,1.0,False,ns,ns
Active ROIs grouped,7,Mann–Whitney U,5,5,0.22018348623853212,0.05185185185185185,-0.16833163438668028,25.0,0.007936507936507936,0.08153460770087748,False,**,ns
Active ROIs grouped,10,Mann–Whitney U,5,5,0.14625228519195613,0.05737704918032787,-0.08887523601162825,22.0,0.05555555555555555,0.1796296296296296,False,ns,ns
Active ROIs grouped,13,Mann–Whitney U,5,4,0.031189083820662766,0.03517176503379556,0.003982681213132791,10.0,1.0,1.0,False,ns,ns
Active ROIs grouped,21,Mann–Whitney U,3,5,0.0,0.06336633663366337,0.06336633663366337,0.0,0.03247332032606962,0.12599648286515014,False,*,ns
Active ROIs grouped,28,Mann–Whitney U,4,5,0.0,0.06635071090047394,0.06635071090047394,0.0,0.015078498435642488,0.08153460770087748,False,*,ns
"Groups / 1,000 detected ROIs",1,Mann–Whitney U,5,5,0.7178750897343862,3.1036623215394163,2.38578723180503,6.0,0.2222222222222222,0.449074074074074,False,ns,ns
"Groups / 1,000 detected ROIs",2,Mann–Whitney U,5,5,0.522466039707419,0.6702412868632708,0.14777524715585177,12.0,1.0,1.0,False,ns,ns
"Groups / 1,000 detected ROIs",3,Mann–Whitney U,5,5,0.7633587786259542,1.152073732718894,0.38871495409293966,9.5,0.6004018480969686,0.7663023587553416,False,ns,ns
"Groups / 1,000 detected ROIs",4,Mann–Whitney U,5,5,2.473716759431045,2.1459227467811157,-0.32779401264992947,14.0,0.8412698412698413,0.9600373482726424,False,ns,ns
"Groups / 1,000 detected ROIs",5,Mann–Whitney U,5,5,18.45748187211602,12.795275590551181,-5.662206281564838,18.0,0.30952380952380953,0.5664869721473496,False,ns,ns
"Groups / 1,000 detected ROIs",6,Mann–Whitney U,4,5,11.22679259518741,14.925373134328359,3.6985805391409485,7.0,0.5555555555555556,0.7551303037435542,False,ns,ns
"Groups / 1,000 detected ROIs",7,Mann–Whitney U,5,5,45.80152671755725,11.508951406649617,-34.29257531090764,23.0,0.031746031746031744,0.12599648286515014,False,*,ns
"Groups / 1,000 detected ROIs",10,Mann–Whitney U,5,5,24.84472049689441,15.217391304347826,-9.627329192546584,19.0,0.2222222222222222,0.449074074074074,False,ns,ns
"Groups / 1,000 detected ROIs",13,Mann–Whitney U,5,4,5.47945205479452,10.290014399149197,4.810562344354676,6.0,0.4126984126984127,0.6375248015873016,False,ns,ns
"Groups / 1,000 detected ROIs",21,Mann–Whitney U,5,5,0.0,20.02503128911139,20.02503128911139,0.0,0.007494957516935239,0.08153460770087748,False,**,ns
"Groups / 1,000 detected ROIs",28,Mann–Whitney U,5,5,0.0,22.97460701330109,22.97460701330109,0.0,0.007494957516935239,0.08153460770087748,False,**,ns
Detected ROIs grouped,1,Mann–Whitney U,5,5,0.0014357501794687725,0.006207324643078833,0.004771574463610061,5.0,0.15079365079365079,0.37505087505087503,False,ns,ns
Detected ROIs grouped,2,Mann–Whitney U,5,5,0.0010449320794148381,0.0013404825737265416,0.00029555049431170344,12.0,1.0,1.0,False,ns,ns
Detected ROIs grouped,3,Mann–Whitney U,5,5,0.0015267175572519084,0.002304147465437788,0.0007774299081858796,9.5,0.6004018480969686,0.7663023587553416,False,ns,ns
Detected ROIs grouped,4,Mann–Whitney U,5,5,0.0055658627087198514,0.004291845493562232,-0.0012740172151576197,15.0,0.6904761904761905,0.8586691086691087,False,ns,ns
Detected ROIs grouped,5,Mann–Whitney U,5,5,0.03889255108767304,0.025590551181102362,-0.013301999906570678,19.0,0.2222222222222222,0.449074074074074,False,ns,ns
Detected ROIs grouped,6,Mann–Whitney U,4,5,0.024286936487833796,0.029850746268656716,0.00556380978082292,7.0,0.5555555555555556,0.7551303037435542,False,ns,ns
Detected ROIs grouped,7,Mann–Whitney U,5,5,0.10178117048346055,0.024296675191815855,-0.0774844952916447,23.0,0.031746031746031744,0.12599648286515014,False,*,ns
Detected ROIs grouped,10,Mann–Whitney U,5,5,0.06086956521739131,0.030434782608695653,-0.030434782608695653,19.0,0.2222222222222222,0.449074074074074,False,ns,ns
Detected ROIs grouped,13,Mann–Whitney U,5,4,0.011450381679389313,0.020580028798298393,0.00912964711890908,6.0,0.4126984126984127,0.6375248015873016,False,ns,ns
Detected ROIs grouped,21,Mann–Whitney U,5,5,0.0,0.04005006257822278,0.04005006257822278,0.0,0.007494957516935239,0.08153460770087748,False,**,ns
Detected ROIs grouped,28,Mann–Whitney U,5,5,0.0,0.05113636363636364,0.05113636363636364,0.0,0.007494957516935239,0.08153460770087748,False,**,ns
