day,treatment,n_recordings,detected_roi_mean,detected_roi_sd,active_roi_mean,active_roi_sd,active_fraction_mean,active_fraction_sd,spike_rate_mean_hz,spike_rate_sd_hz,group_count_mean,group_count_sd,group_size_mean,group_size_sd,fraction_grouped_mean,fraction_grouped_sd,groups_per_1000_detected_mean,groups_per_1000_detected_sd,fraction_detected_grouped_mean,fraction_detected_grouped_sd
1,BP,5,1518.4,461.1662390071502,32.2,9.67987603226405,0.022252003984791095,0.006616251730511007,0.05964187524482437,0.00706568681536734,1.6,1.3416407864998738,2.0,0.0,0.09032692380627298,0.06885619875585267,1.0833472068257333,1.042968448262674,0.0021666944136514666,0.002085936896525348
1,IOBP,5,1551.6,185.55403525657965,42.8,16.9617216107328,0.0282319030428681,0.011765553901837075,0.06239407477333099,0.006523760211198897,3.4,2.3021728866442674,2.2333333333333334,0.4346134936801766,0.15731984478935698,0.06539883493291032,2.3000597828721934,1.6081133752293633,0.004851355350881707,0.0032640030357149333
2,BP,5,1119.8,686.102543356312,14.0,6.442049363362563,0.025557896574153065,0.030416259016001767,0.0521533998637959,0.007708780064344616,0.8,0.8366600265340756,2.0,0.0,0.12126984126984128,0.1642285768288087,3.4025776066344093,6.908996645107416,0.006805155213268818,0.013817993290214832
2,IOBP,5,1183.6,277.4433275463658,31.2,8.043631020876083,0.027437109953479734,0.00847689051328348,0.06103217054053517,0.009012961962542325,0.6,0.5477225575051662,2.0,0.0,0.04444444444444444,0.04295990032610907,0.557191849555066,0.5703004388029922,0.0011143836991101318,0.0011406008776059845
3,BP,5,1311.8,437.69190077039354,30.8,9.093954035511725,0.024879376695527505,0.00870775397072144,0.06562526131558112,0.01683339043444055,2.0,2.0,2.0,0.0,0.1650685080233644,0.2238504778904555,1.6893617522471587,2.0893982386357783,0.003378723504494317,0.004178796477271558
3,IOBP,5,1048.4,273.79974433881415,51.0,21.27204738618265,0.048802129808942475,0.014388237096175432,0.0647973209755717,0.006715332838062092,2.4,3.2093613071762426,2.0,0.0,0.07265671205870541,0.07004784358225527,2.0508148764623857,2.1357598223737857,0.004101629752924772,0.004271519644747571
4,BP,5,1312.2,407.9849261921328,57.6,32.69250678672408,0.05008777630065545,0.03477789962799975,0.07234349627524181,0.006776746775910062,3.0,2.23606797749979,2.1458333333333335,0.17179606773406925,0.09886313754528162,0.055900110546415194,2.69695096349359,2.198092726142837,0.005750416635738709,0.004515527791867448
4,IOBP,5,1004.4,274.57476213228335,77.2,23.509572518444482,0.07726447432638738,0.014549615137292414,0.07105243451384505,0.007570074558349838,2.2,0.8366600265340756,2.0,0.0,0.05823214486148417,0.022513161655044526,2.1681017537917198,0.5859951729881117,0.00433620350758344,0.0011719903459762233
5,BP,5,1267.4,378.9410244352015,291.4,153.38937381709334,0.2262923864956262,0.0775499572688582,0.07437571198766738,0.003531529602377893,26.2,14.956603892595403,2.1241572153336863,0.06181927511831902,0.18923834925405353,0.014874422941744871,20.009323450463274,6.725104996838739,0.042827377751750426,0.015603259984569053
5,IOBP,5,953.2,415.67499323389666,201.8,134.63543367182356,0.214026907990446,0.09764663295593361,0.06803116575657817,0.015336680471241418,15.4,15.142654985173506,2.0285714285714285,0.06388765649999398,0.1599366042638938,0.07295353943801541,14.897850243122367,8.116944642297796,0.03055567515375581,0.017632081173965766
6,BP,4,1125.25,300.4877978665135,252.0,87.28115489611719,0.2291976007308298,0.06641287929065474,0.07665190950751319,0.005265855874355344,13.5,4.795831523312719,2.0967765894236483,0.12036605226406379,0.11379941134848083,0.03133846435337658,12.985994978264792,7.056660327249636,0.027208358699888226,0.014440546572788935
6,IOBP,5,922.2,245.7553661672518,253.8,110.88597747235671,0.27032887125095445,0.05413619202716072,0.0733632973845005,0.005466218651749106,14.4,7.436396977031283,2.037037037037037,0.08281733249999224,0.11318717950840398,0.016388467368358518,15.216539071392393,4.3489630127561485,0.03119469276578555,0.009945661393779337
7,BP,5,1252.0,361.9689213178391,646.4,272.3064450210461,0.5076108737521741,0.0895838694713329,0.1066795963806676,0.009987691906879682,61.6,32.39290045673589,2.3757307598121065,0.28611235836199406,0.2231802448991933,0.06215522340017723,48.17342298034263,16.482189539220634,0.11731157072616423,0.0528398503839771
7,IOBP,5,769.2,351.5475785722325,337.0,198.79386308435178,0.437089130164429,0.1056507208838715,0.08984764769282849,0.00687029639681842,13.8,15.023315213360863,2.0972222222222223,0.16256527653777259,0.07283870813282578,0.043824813314406005,15.56705294057518,11.166682094021482,0.03398501606619625,0.027801545354356423
10,BP,5,1229.2,350.0331412880786,587.0,297.8061450004012,0.4727664444119745,0.15405514789909272,0.10562350148985629,0.022422064285505038,39.2,37.57259639684221,2.592164502164502,0.6892030562052599,0.1654860767966162,0.11689862356146269,30.808784396692545,22.053340586842932,0.09104648405709896,0.09270296357187754
10,IOBP,5,826.2,313.38187567247724,383.8,148.5722046683026,0.47704090422862644,0.10263986237213168,0.08197750443220511,0.006121615282721615,14.0,11.811011811017716,2.1107142857142858,0.08151937293223809,0.07046565783724601,0.030571358638346785,15.958640101272238,7.3711647649164584,0.0339665946202191,0.016969476119966576
13,BP,5,1182.8,359.3698651807077,533.4,205.41737998523885,0.4536559134870193,0.09064640478561255,0.11830064724201857,0.012341753516510201,11.2,7.791020472312982,2.119565217391304,0.16733482954718099,0.041861250850963067,0.01969666224245952,9.438609260456087,5.900699103658475,0.0201254602669966,0.012745738321768306
13,IOBP,4,817.75,203.66373429422006,509.5,140.0488010183117,0.6226855594983743,0.04304065056668845,0.08846676310204439,0.0032572064972577093,11.25,8.845903006477066,2.03125,0.06250000000000003,0.04105577346047293,0.022249481729495372,12.558981327429745,6.976579173981552,0.025826177952309917,0.01532517088603736
21,BP,5,598.2,425.02670504334196,0.8,0.8366600265340756,0.0009696519279092071,0.0009156483459159577,0.07150715071507151,0.03899187810439445,0.0,0.0,,,0.0,0.0,0.0,0.0,0.0,0.0
21,IOBP,5,789.8,173.02947725748925,486.6,137.00109488613586,0.6098305662248421,0.048618555773366226,0.07103192912750615,0.004425309449818921,16.4,9.235799911215054,2.049820788530466,0.08387020187745776,0.06573751360331351,0.021910554704120636,19.6902782050855,6.918407249283735,0.04077839306452917,0.016118647613420856
28,BP,5,389.0,111.64452516805291,2.0,1.8708286933869707,0.0061238217364175855,0.005842227795314665,0.11551155115511552,0.017823819302551867,0.0,0.0,,,0.0,0.0,0.0,0.0,0.0,0.0
28,IOBP,5,719.8,187.15955759725443,564.4,176.48031051649926,0.7780867177827743,0.07079532464195396,0.07987793877246632,0.004338295306800848,17.4,4.219004621945797,2.168295739348371,0.06799270564778548,0.06826361278033741,0.006781353903445861,24.446371548499105,2.7910298122311246,0.052979154063279396,0.005893365542229248
