treatment,recording,day,recording_folder,metrics_path,detected_roi_count,active_roi_count,inactive_roi_count,classifier_accounted_roi_count,suite2p_roi_count,roi_accounting_difference,active_fraction,mean_spike_rate_hz,median_spike_rate_hz,zero_spike_active_fraction,n_groups,mean_group_size,median_group_size,grouped_active_count,fraction_active_grouped,groups_per_1000_detected_rois,fraction_detected_rois_grouped
BP,1-1,1,1-1,C:\Users\mzinn1\Desktop\DailyRecordings_LateTimepoints\BP\1-1\metrics\1-1_metrics.xlsx,2102,24,2078,2102,2102.0,0,0.011417697431018078,0.07081958195819583,0.07425742574257425,0.0,1,2.0,2.0,2,0.08333333333333333,0.47573739295908657,0.0009514747859181732
BP,1-2,1,1-2,C:\Users\mzinn1\Desktop\DailyRecordings_LateTimepoints\BP\1-2\metrics\1-2_metrics.xlsx,1136,33,1103,1136,1136.0,0,0.029049295774647887,0.06175617561756176,0.0495049504950495,0.0,3,2.0,2.0,6,0.18181818181818182,2.640845070422535,0.00528169014084507
BP,1-3,1,1-3,C:\Users\mzinn1\Desktop\DailyRecordings_LateTimepoints\BP\1-3\metrics\1-3_metrics.xlsx,1393,34,1359,1393,1393.0,0,0.024407753050969132,0.055571733643952625,0.04125412541254125,0.0,1,2.0,2.0,2,0.058823529411764705,0.7178750897343862,0.0014357501794687725
BP,1-4,1,1-4,C:\Users\mzinn1\Desktop\DailyRecordings_LateTimepoints\BP\1-4\metrics\1-4_metrics.xlsx,1065,23,1042,1065,1065.0,0,0.0215962441314554,0.0573970440522313,0.05775577557755775,0.0,0,,,0,0.0,0.0,0.0
BP,1-5,1,1-5,C:\Users\mzinn1\Desktop\DailyRecordings_LateTimepoints\BP\1-5\metrics\1-5_metrics.xlsx,1896,47,1849,1896,1896.0,0,0.024789029535864978,0.052664840952180325,0.0495049504950495,0.0,3,2.0,2.0,6,0.1276595744680851,1.5822784810126582,0.0031645569620253164
IOBP,1-1,1,1-1,C:\Users\mzinn1\Desktop\DailyRecordings_LateTimepoints\IOBP\1-1\metrics\1-1_metrics.xlsx,1611,64,1547,1611,1611.0,0,0.03972687771570453,0.0719368811881188,0.07425742574257425,0.0,5,2.0,2.0,10,0.15625,3.1036623215394163,0.006207324643078833
IOBP,1-2,1,1-2,C:\Users\mzinn1\Desktop\DailyRecordings_LateTimepoints\IOBP\1-2\metrics\1-2_metrics.xlsx,1264,41,1223,1264,1264.0,0,0.03243670886075949,0.06318924575384369,0.05775577557755775,0.0,4,2.0,2.0,8,0.1951219512195122,3.1645569620253164,0.006329113924050633
IOBP,1-3,1,1-3,C:\Users\mzinn1\Desktop\DailyRecordings_LateTimepoints\IOBP\1-3\metrics\1-3_metrics.xlsx,1724,22,1702,1724,1724.0,0,0.012761020881670533,0.053630363036303634,0.045379537953795374,0.0,1,3.0,3.0,3,0.13636363636363635,0.580046403712297,0.0017401392111368909
IOBP,1-4,1,1-4,C:\Users\mzinn1\Desktop\DailyRecordings_LateTimepoints\IOBP\1-4\metrics\1-4_metrics.xlsx,1479,55,1424,1479,1479.0,0,0.03718728870858688,0.062106210621062106,0.05775577557755775,0.0,6,2.1666666666666665,2.0,13,0.23636363636363636,4.056795131845842,0.00878972278566599
IOBP,1-5,1,1-5,C:\Users\mzinn1\Desktop\DailyRecordings_LateTimepoints\IOBP\1-5\metrics\1-5_metrics.xlsx,1680,32,1648,1680,1680.0,0,0.01904761904761905,0.06110767326732673,0.066006600660066,0.0,1,2.0,2.0,2,0.0625,0.5952380952380952,0.0011904761904761906
BP,1-1,2,1-1_Day2,C:\Users\mzinn1\Desktop\DailyRecordings_LateTimepoints\BP\1-1_Day2\metrics\1-1_Day2_metrics.xlsx,1914,18,1896,1914,1914.0,0,0.009404388714733543,0.04583791712504584,0.045379537953795374,0.0,1,2.0,2.0,2,0.1111111111111111,0.522466039707419,0.0010449320794148381
BP,1-2,2,1-2_Day2,C:\Users\mzinn1\Desktop\DailyRecordings_LateTimepoints\BP\1-2_Day2\metrics\1-2_Day2_metrics.xlsx,778,16,762,778,778.0,0,0.02056555269922879,0.055177392739273926,0.033003300330033,0.0,0,,,0,0.0,0.0,0.0
BP,1-3,2,1-3_Day2,C:\Users\mzinn1\Desktop\DailyRecordings_LateTimepoints\BP\1-3_Day2\metrics\1-3_Day2_metrics.xlsx,1347,21,1326,1347,1347.0,0,0.015590200445434299,0.047540468332547534,0.04125412541254125,0.0,1,2.0,2.0,2,0.09523809523809523,0.7423904974016332,0.0014847809948032665
BP,1-4,2,1-4_Day2,C:\Users\mzinn1\Desktop\DailyRecordings_LateTimepoints\BP\1-4_Day2\metrics\1-4_Day2_metrics.xlsx,127,10,117,127,,0,0.07874015748031496,0.06435643564356436,0.066006600660066,0.0,2,2.0,2.0,4,0.4,15.748031496062993,0.031496062992125984
BP,1-5,2,1-5_Day2,C:\Users\mzinn1\Desktop\DailyRecordings_LateTimepoints\BP\1-5_Day2\metrics\1-5_Day2_metrics.xlsx,1433,5,1428,1433,1433.0,0,0.0034891835310537334,0.047854785478547844,0.04125412541254125,0.0,0,,,0,0.0,0.0,0.0
IOBP,1-1,2,1-1_Day2,C:\Users\mzinn1\Desktop\DailyRecordings_LateTimepoints\IOBP\1-1_Day2\metrics\1-1_Day2_metrics.xlsx,1141,29,1112,1141,1141.0,0,0.025416301489921123,0.0620234437236827,0.05775577557755775,0.0,0,,,0,0.0,0.0,0.0
IOBP,1-2,2,1-2_Day2,C:\Users\mzinn1\Desktop\DailyRecordings_LateTimepoints\IOBP\1-2_Day2\metrics\1-2_Day2_metrics.xlsx,743,28,715,743,743.0,0,0.03768506056527591,0.06453323903818954,0.061881188118811874,0.0,1,2.0,2.0,2,0.07142857142857142,1.3458950201884252,0.0026917900403768506
IOBP,1-3,2,1-3_Day2,C:\Users\mzinn1\Desktop\DailyRecordings_LateTimepoints\IOBP\1-3_Day2\metrics\1-3_Day2_metrics.xlsx,1492,36,1456,1492,1492.0,0,0.024128686327077747,0.04560872753942061,0.04125412541254125,0.0,1,2.0,2.0,2,0.05555555555555555,0.6702412868632708,0.0013404825737265416
IOBP,1-4,2,1-4_Day2,C:\Users\mzinn1\Desktop\DailyRecordings_LateTimepoints\IOBP\1-4_Day2\metrics\1-4_Day2_metrics.xlsx,1299,21,1278,1299,1299.0,0,0.016166281755196306,0.06914977212006915,0.066006600660066,0.0,1,2.0,2.0,2,0.09523809523809523,0.7698229407236336,0.001539645881447267
IOBP,1-5,2,1-5_Day2,C:\Users\mzinn1\Desktop\DailyRecordings_LateTimepoints\IOBP\1-5_Day2\metrics\1-5_Day2_metrics.xlsx,1243,42,1201,1243,1243.0,0,0.03378921962992759,0.06384567028131384,0.05775577557755775,0.0,0,,,0,0.0,0.0,0.0
BP,1-1,3,1-1_Day3,C:\Users\mzinn1\Desktop\DailyRecordings_LateTimepoints\BP\1-1_Day3\metrics\1-1_Day3_metrics.xlsx,1923,28,1895,1923,1923.0,0,0.014560582423296931,0.05363036303630363,0.0495049504950495,0.0,1,2.0,2.0,2,0.07142857142857142,0.5200208008320333,0.0010400416016640667
BP,1-2,3,1-2_Day3,C:\Users\mzinn1\Desktop\DailyRecordings_LateTimepoints\BP\1-2_Day3\metrics\1-2_Day3_metrics.xlsx,962,18,944,962,962.0,0,0.018711018711018712,0.09514435695538057,0.08858267716535433,0.0,5,2.0,2.0,10,0.5555555555555556,5.197505197505198,0.010395010395010396
BP,1-3,3,1-3_Day3,C:\Users\mzinn1\Desktop\DailyRecordings_LateTimepoints\BP\1-3_Day3\metrics\1-3_Day3_metrics.xlsx,1310,34,1276,1310,1310.0,0,0.025954198473282442,0.05654241894777713,0.05775577557755775,0.0,1,2.0,2.0,2,0.058823529411764705,0.7633587786259542,0.0015267175572519084
BP,1-4,3,1-4_Day3,C:\Users\mzinn1\Desktop\DailyRecordings_LateTimepoints\BP\1-4_Day3\metrics\1-4_Day3_metrics.xlsx,838,31,807,838,838.0,0,0.03699284009546539,0.06121579899925477,0.05775577557755775,0.0,0,,,0,0.0,0.0,0.0
BP,1-5,3,1-5_Day3,C:\Users\mzinn1\Desktop\DailyRecordings_LateTimepoints\BP\1-5_Day3\metrics\1-5_Day3_metrics.xlsx,1526,43,1483,1526,1526.0,0,0.02817824377457405,0.061593368639189496,0.05775577557755775,0.0,3,2.0,2.0,6,0.13953488372093023,1.9659239842726082,0.003931847968545216
IOBP,1-1,3,1-1_Day3,C:\Users\mzinn1\Desktop\DailyRecordings_LateTimepoints\IOBP\1-1_Day3\metrics\1-1_Day3_metrics.xlsx,1034,52,982,1034,1034.0,0,0.05029013539651837,0.05981848184818483,0.05775577557755775,0.0,1,2.0,2.0,2,0.038461538461538464,0.9671179883945842,0.0019342359767891683
IOBP,1-2,3,1-2_Day3,C:\Users\mzinn1\Desktop\DailyRecordings_LateTimepoints\IOBP\1-2_Day3\metrics\1-2_Day3_metrics.xlsx,868,35,833,868,868.0,0,0.04032258064516129,0.0737859500235738,0.07425742574257425,0.0,1,2.0,2.0,2,0.05714285714285714,1.152073732718894,0.002304147465437788
IOBP,1-3,3,1-3_Day3,C:\Users\mzinn1\Desktop\DailyRecordings_LateTimepoints\IOBP\1-3_Day3\metrics\1-3_Day3_metrics.xlsx,1463,86,1377,1463,1463.0,0,0.05878332194121668,0.05670043748560902,0.05775577557755775,0.0,8,2.0,2.0,16,0.18604651162790697,5.468215994531784,0.010936431989063569
IOBP,1-4,3,1-4_Day3,C:\Users\mzinn1\Desktop\DailyRecordings_LateTimepoints\IOBP\1-4_Day3\metrics\1-4_Day3_metrics.xlsx,1127,33,1094,1127,1127.0,0,0.029281277728482696,0.0675067506750675,0.05775577557755775,0.0,0,,,0,0.0,0.0,0.0
IOBP,1-5,3,1-5_Day3,C:\Users\mzinn1\Desktop\DailyRecordings_LateTimepoints\IOBP\1-5_Day3\metrics\1-5_Day3_metrics.xlsx,750,49,701,750,750.0,0,0.06533333333333333,0.06617498484542331,0.066006600660066,0.0,2,2.0,2.0,4,0.08163265306122448,2.6666666666666665,0.005333333333333333
BP,1-1,4,1-1_Day4,C:\Users\mzinn1\Desktop\DailyRecordings_LateTimepoints\BP\1-1_Day4\metrics\1-1_Day4_metrics.xlsx,1836,23,1813,1836,1836.0,0,0.01252723311546841,0.07999713014779739,0.07425742574257425,0.0,0,,,0,0.0,0.0,0.0
BP,1-2,4,1-2_Day4,C:\Users\mzinn1\Desktop\DailyRecordings_LateTimepoints\BP\1-2_Day4\metrics\1-2_Day4_metrics.xlsx,1018,101,917,1018,1018.0,0,0.09921414538310412,0.07777015325294905,0.066006600660066,0.0,6,2.0,2.0,12,0.1188118811881188,5.893909626719057,0.011787819253438114
BP,1-3,4,1-3_Day4,C:\Users\mzinn1\Desktop\DailyRecordings_LateTimepoints\BP\1-3_Day4\metrics\1-3_Day4_metrics.xlsx,1231,29,1202,1231,1231.0,0,0.023558082859463852,0.06344599977239104,0.05775577557755775,0.0,2,2.0,2.0,4,0.13793103448275862,1.6246953696181965,0.003249390739236393
BP,1-4,4,1-4_Day4,C:\Users\mzinn1\Desktop\DailyRecordings_LateTimepoints\BP\1-4_Day4\metrics\1-4_Day4_metrics.xlsx,859,58,801,859,859.0,0,0.06752037252619325,0.06828269033799932,0.066006600660066,0.0,3,2.3333333333333335,2.0,7,0.1206896551724138,3.492433061699651,0.008149010477299184
BP,1-5,4,1-5_Day4,C:\Users\mzinn1\Desktop\DailyRecordings_LateTimepoints\BP\1-5_Day4\metrics\1-5_Day4_metrics.xlsx,1617,77,1540,1617,1617.0,0,0.047619047619047616,0.07222150786507221,0.07425742574257425,0.0,4,2.25,2.0,9,0.11688311688311688,2.473716759431045,0.0055658627087198514
IOBP,1-1,4,1-1_Day4,C:\Users\mzinn1\Desktop\DailyRecordings_LateTimepoints\IOBP\1-1_Day4\metrics\1-1_Day4_metrics.xlsx,787,57,730,787,787.0,0,0.0724269377382465,0.06354582826703722,0.066006600660066,0.0,1,2.0,2.0,2,0.03508771929824561,1.2706480304955527,0.0025412960609911056
IOBP,1-2,4,1-2_Day4,C:\Users\mzinn1\Desktop\DailyRecordings_LateTimepoints\IOBP\1-2_Day4\metrics\1-2_Day4_metrics.xlsx,788,60,728,788,788.0,0,0.07614213197969544,0.08347084708470849,0.08663366336633663,0.0,2,2.0,2.0,4,0.06666666666666667,2.5380710659898478,0.005076142131979695
IOBP,1-3,4,1-3_Day4,C:\Users\mzinn1\Desktop\DailyRecordings_LateTimepoints\IOBP\1-3_Day4\metrics\1-3_Day4_metrics.xlsx,1450,110,1340,1450,1450.0,0,0.07586206896551724,0.06675667566756677,0.066006600660066,0.0,3,2.0,2.0,6,0.05454545454545454,2.0689655172413794,0.004137931034482759
IOBP,1-4,4,1-4_Day4,C:\Users\mzinn1\Desktop\DailyRecordings_LateTimepoints\IOBP\1-4_Day4\metrics\1-4_Day4_metrics.xlsx,1065,65,1000,1065,1065.0,0,0.06103286384976526,0.07083015993907084,0.07425742574257425,0.0,3,2.0,2.0,6,0.09230769230769231,2.816901408450704,0.005633802816901409
IOBP,1-5,4,1-5_Day4,C:\Users\mzinn1\Desktop\DailyRecordings_LateTimepoints\IOBP\1-5_Day4\metrics\1-5_Day4_metrics.xlsx,932,94,838,932,932.0,0,0.10085836909871244,0.07065866161084193,0.07425742574257425,0.0,2,2.0,2.0,4,0.0425531914893617,2.1459227467811157,0.004291845493562232
BP,1-1,5,1-1_Day5,C:\Users\mzinn1\Desktop\DailyRecordings_LateTimepoints\BP\1-1_Day5\metrics\1-1_Day5_metrics.xlsx,1728,537,1191,1728,1728.0,0,0.3107638888888889,0.07445716638702977,0.07425742574257425,0.0,51,2.196078431372549,2.0,112,0.2085661080074488,29.51388888888889,0.06481481481481481
BP,1-2,5,1-2_Day5,C:\Users\mzinn1\Desktop\DailyRecordings_LateTimepoints\BP\1-2_Day5\metrics\1-2_Day5_metrics.xlsx,921,277,644,921,921.0,0,0.3007600434310532,0.07854666333059299,0.07425742574257425,0.0,22,2.1818181818181817,2.0,48,0.17328519855595667,23.887079261672095,0.05211726384364821
BP,1-3,5,1-3_Day5,C:\Users\mzinn1\Desktop\DailyRecordings_LateTimepoints\BP\1-3_Day5\metrics\1-3_Day5_metrics.xlsx,1324,175,1149,1324,1324.0,0,0.13217522658610273,0.07048561999057049,0.066006600660066,0.0,17,2.0588235294117645,2.0,35,0.2,12.83987915407855,0.026435045317220542
BP,1-4,5,1-4_Day5,C:\Users\mzinn1\Desktop\DailyRecordings_LateTimepoints\BP\1-4_Day5\metrics\1-4_Day5_metrics.xlsx,847,152,695,847,847.0,0,0.179456906729634,0.07713435817265937,0.07425742574257425,0.0,13,2.076923076923077,2.0,27,0.17763157894736842,15.348288075560802,0.031877213695395513
BP,1-5,5,1-5_Day5,C:\Users\mzinn1\Desktop\DailyRecordings_LateTimepoints\BP\1-5_Day5\metrics\1-5_Day5_metrics.xlsx,1517,316,1201,1517,1517.0,0,0.2083058668424522,0.07125475205748423,0.066006600660066,0.0,28,2.107142857142857,2.0,59,0.18670886075949367,18.45748187211602,0.03889255108767304
IOBP,1-1,5,1-1_Day5,C:\Users\mzinn1\Desktop\DailyRecordings_LateTimepoints\IOBP\1-1_Day5\metrics\1-1_Day5_metrics.xlsx,1016,241,775,1016,1016.0,0,0.2372047244094488,0.07617462991112389,0.07425742574257425,0.0,13,2.0,2.0,26,0.1078838174273859,12.795275590551181,0.025590551181102362
IOBP,1-2,5,1-2_Day5,C:\Users\mzinn1\Desktop\DailyRecordings_LateTimepoints\IOBP\1-2_Day5\metrics\1-2_Day5_metrics.xlsx,422,125,297,422,422.0,0,0.2962085308056872,0.08033003300330034,0.08250825082508251,0.0,8,2.0,2.0,16,0.128,18.95734597156398,0.037914691943127965
IOBP,1-3,5,1-3_Day5,C:\Users\mzinn1\Desktop\DailyRecordings_LateTimepoints\IOBP\1-3_Day5\metrics\1-3_Day5_metrics.xlsx,1579,399,1180,1579,1579.0,0,0.2526915769474351,0.06662696344822452,0.066006600660066,0.0,42,2.142857142857143,2.0,90,0.22556390977443608,26.599113362887906,0.056998100063331225
IOBP,1-4,5,1-4_Day5,C:\Users\mzinn1\Desktop\DailyRecordings_LateTimepoints\IOBP\1-4_Day5\metrics\1-4_Day5_metrics.xlsx,897,40,857,897,897.0,0,0.044593088071348944,0.042079207920792075,0.033003300330033,0.0,5,2.0,2.0,10,0.25,5.574136008918618,0.011148272017837236
IOBP,1-5,5,1-5_Day5,C:\Users\mzinn1\Desktop\DailyRecordings_LateTimepoints\IOBP\1-5_Day5\metrics\1-5_Day5_metrics.xlsx,852,204,648,852,852.0,0,0.23943661971830985,0.07494499449944995,0.07838283828382839,0.0,9,2.0,2.0,18,0.08823529411764706,10.56338028169014,0.02112676056338028
BP,1-2,6,1-2_Day6,C:\Users\mzinn1\Desktop\DailyRecordings_LateTimepoints\BP\1-2_Day6\metrics\1-2_Day6_metrics.xlsx,1003,224,779,1003,1003.0,0,0.22333000997008973,0.07930368929750117,0.07425742574257425,0.0,11,2.272727272727273,2.0,25,0.11160714285714286,10.967098703888334,0.024925224327018942
BP,1-3,6,1-3_Day6,C:\Users\mzinn1\Desktop\DailyRecordings_LateTimepoints\BP\1-3_Day6\metrics\1-3_Day6_metrics.xlsx,1236,174,1062,1236,1236.0,0,0.1407766990291262,0.0754903076514548,0.07425742574257425,0.0,8,2.0,2.0,16,0.09195402298850575,6.472491909385114,0.012944983818770227
BP,1-4,6,1-4_Day6,C:\Users\mzinn1\Desktop\DailyRecordings_LateTimepoints\BP\1-4_Day6\metrics\1-4_Day6_metrics.xlsx,782,233,549,782,782.0,0,0.2979539641943734,0.08197708182835453,0.08250825082508251,0.0,18,2.0555555555555554,2.0,37,0.15879828326180256,23.017902813299234,0.04731457800511509
BP,1-5,6,1-5_Day6,C:\Users\mzinn1\Desktop\DailyRecordings_LateTimepoints\BP\1-5_Day6\metrics\1-5_Day6_metrics.xlsx,1480,377,1103,1480,1480.0,0,0.25472972972972974,0.06983655925274225,0.066006600660066,0.0,17,2.0588235294117645,2.0,35,0.09283819628647215,11.486486486486486,0.02364864864864865
IOBP,1-1,6,1-1_Day6,C:\Users\mzinn1\Desktop\DailyRecordings_LateTimepoints\IOBP\1-1_Day6\metrics\1-1_Day6_metrics.xlsx,927,175,752,927,927.0,0,0.18878101402373246,0.07392739273927391,0.07425742574257425,0.0,8,2.0,2.0,16,0.09142857142857143,8.629989212513484,0.017259978425026967
IOBP,1-2,6,1-2_Day6,C:\Users\mzinn1\Desktop\DailyRecordings_LateTimepoints\IOBP\1-2_Day6\metrics\1-2_Day6_metrics.xlsx,672,192,480,672,672.0,0,0.2857142857142857,0.07687878162816282,0.07425742574257425,0.0,10,2.0,2.0,20,0.10416666666666667,14.880952380952381,0.02976190476190476
IOBP,1-3,6,1-3_Day6,C:\Users\mzinn1\Desktop\DailyRecordings_LateTimepoints\IOBP\1-3_Day6\metrics\1-3_Day6_metrics.xlsx,1313,446,867,1313,1313.0,0,0.3396801218583397,0.06378664772306827,0.061881188118811874,0.0,27,2.185185185185185,2.0,59,0.13228699551569506,20.563594821020562,0.04493526275704494
IOBP,1-4,6,1-4_Day6,C:\Users\mzinn1\Desktop\DailyRecordings_LateTimepoints\IOBP\1-4_Day6\metrics\1-4_Day6_metrics.xlsx,938,249,689,938,938.0,0,0.26545842217484006,0.07621244052116054,0.07425742574257425,0.0,14,2.0,2.0,28,0.11244979919678715,14.925373134328359,0.029850746268656716
IOBP,1-5,6,1-5_Day6,C:\Users\mzinn1\Desktop\DailyRecordings_LateTimepoints\IOBP\1-5_Day6\metrics\1-5_Day6_metrics.xlsx,761,207,554,761,761.0,0,0.2720105124835742,0.0760112243108369,0.07425742574257425,0.0,13,2.0,2.0,26,0.12560386473429952,17.082785808147175,0.03416557161629435
BP,1-1,7,1-1_Day7,C:\Users\mzinn1\Desktop\DailyRecordings_LateTimepoints\BP\1-1_Day7\metrics\1-1_Day7_metrics.xlsx,1682,1099,583,1682,1682.0,0,0.6533888228299644,0.11924281600134537,0.1237623762376238,0.0,115,2.869565217391304,2.0,330,0.3002729754322111,68.37098692033294,0.1961950059453032
BP,1-2,7,1-2_Day7,C:\Users\mzinn1\Desktop\DailyRecordings_LateTimepoints\BP\1-2_Day7\metrics\1-2_Day7_metrics.xlsx,1006,534,470,1004,1006.0,-2,0.5308151093439364,0.11243680547830064,0.1155115511551155,0.0,62,2.3225806451612905,2.0,144,0.2696629213483146,61.63021868787276,0.14314115308151093
BP,1-3,7,1-3_Day7,C:\Users\mzinn1\Desktop\DailyRecordings_LateTimepoints\BP\1-3_Day7\metrics\1-3_Day7_metrics.xlsx,1179,545,634,1179,1179.0,0,0.46225614927905007,0.1004632573349078,0.099009900990099,0.0,54,2.2222222222222223,2.0,120,0.22018348623853212,45.80152671755725,0.10178117048346055
BP,1-4,7,1-4_Day7,C:\Users\mzinn1\Desktop\DailyRecordings_LateTimepoints\BP\1-4_Day7\metrics\1-4_Day7_metrics.xlsx,831,385,446,831,831.0,0,0.46329723225030084,0.10756075607560757,0.1072607260726073,0.0,28,2.3214285714285716,2.0,65,0.16883116883116883,33.69434416365824,0.07821901323706378
BP,1-5,7,1-5_Day7,C:\Users\mzinn1\Desktop\DailyRecordings_LateTimepoints\BP\1-5_Day7\metrics\1-5_Day7_metrics.xlsx,1562,669,893,1562,1562.0,0,0.42829705505761845,0.09369434701317665,0.09075907590759076,0.0,49,2.142857142857143,2.0,105,0.15695067264573992,31.370038412291933,0.06722151088348272
IOBP,1-1,7,1-1_Day7,C:\Users\mzinn1\Desktop\DailyRecordings_LateTimepoints\IOBP\1-1_Day7\metrics\1-1_Day7_metrics.xlsx,989,270,718,988,989.0,-1,0.2730030333670374,0.09415108177484414,0.099009900990099,0.0,7,2.0,2.0,14,0.05185185185185185,7.077856420626896,0.014155712841253791
IOBP,1-2,7,1-2_Day7,C:\Users\mzinn1\Desktop\DailyRecordings_LateTimepoints\IOBP\1-2_Day7\metrics\1-2_Day7_metrics.xlsx,231,105,126,231,231.0,0,0.45454545454545453,0.09673110168159674,0.099009900990099,0.0,2,2.0,2.0,4,0.0380952380952381,8.658008658008658,0.017316017316017316
IOBP,1-3,7,1-3_Day7,C:\Users\mzinn1\Desktop\DailyRecordings_LateTimepoints\IOBP\1-3_Day7\metrics\1-3_Day7_metrics.xlsx,1156,646,510,1156,1156.0,0,0.5588235294117647,0.0787915478854387,0.07425742574257425,0.0,40,2.375,2.0,95,0.14705882352941177,34.602076124567475,0.08217993079584775
IOBP,1-4,7,1-4_Day7,C:\Users\mzinn1\Desktop\DailyRecordings_LateTimepoints\IOBP\1-4_Day7\metrics\1-4_Day7_metrics.xlsx,782,378,404,782,782.0,0,0.4833759590792839,0.08920931775717254,0.09075907590759076,0.0,9,2.111111111111111,2.0,19,0.05026455026455026,11.508951406649617,0.024296675191815855
IOBP,1-5,7,1-5_Day7,C:\Users\mzinn1\Desktop\DailyRecordings_LateTimepoints\IOBP\1-5_Day7\metrics\1-5_Day7_metrics.xlsx,688,286,402,688,688.0,0,0.41569767441860467,0.09035518936509035,0.09075907590759076,0.0,11,2.0,2.0,22,0.07692307692307693,15.988372093023257,0.03197674418604651
BP,1-1,10,1-1_Day10,C:\Users\mzinn1\Desktop\DailyRecordings_LateTimepoints\BP\1-1_Day10\metrics\1-1_Day10_metrics.xlsx,1591,1098,493,1591,1591.0,0,0.6901319924575738,0.13808484673603974,0.1402640264026403,0.0,105,3.8095238095238093,2.0,400,0.36429872495446264,65.99622878692647,0.251414204902577
BP,1-2,10,1-2_Day10,C:\Users\mzinn1\Desktop\DailyRecordings_LateTimepoints\BP\1-2_Day10\metrics\1-2_Day10_metrics.xlsx,965,547,418,965,965.0,0,0.566839378238342,0.1195690867075739,0.1237623762376238,0.0,35,2.2857142857142856,2.0,80,0.14625228519195613,36.26943005181347,0.08290155440414508
BP,1-3,10,1-3_Day10,C:\Users\mzinn1\Desktop\DailyRecordings_LateTimepoints\BP\1-3_Day10\metrics\1-3_Day10_metrics.xlsx,1225,496,729,1225,1225.0,0,0.4048979591836735,0.08769828595762802,0.08250825082508251,0.0,22,2.272727272727273,2.0,50,0.10080645161290322,17.959183673469386,0.04081632653061224
BP,1-4,10,1-4_Day10,C:\Users\mzinn1\Desktop\DailyRecordings_LateTimepoints\BP\1-4_Day10\metrics\1-4_Day10_metrics.xlsx,805,321,484,805,805.0,0,0.3987577639751553,0.09561703833934797,0.099009900990099,0.0,20,2.45,2.0,49,0.1526479750778816,24.84472049689441,0.06086956521739131
BP,1-5,10,1-5_Day10,C:\Users\mzinn1\Desktop\DailyRecordings_LateTimepoints\BP\1-5_Day10\metrics\1-5_Day10_metrics.xlsx,1560,473,1087,1560,1560.0,0,0.3032051282051282,0.0871482497086918,0.08250825082508251,0.0,14,2.142857142857143,2.0,30,0.06342494714587738,8.974358974358974,0.019230769230769232
IOBP,1-1,10,1-1_Day10,C:\Users\mzinn1\Desktop\DailyRecordings_LateTimepoints\IOBP\1-1_Day10\metrics\1-1_Day10_metrics.xlsx,1027,345,682,1027,1027.0,0,0.3359298928919182,0.08638255129860813,0.09075907590759076,0.0,8,2.125,2.0,17,0.04927536231884058,7.789678675754625,0.016553067185978577
IOBP,1-2,10,1-2_Day10,C:\Users\mzinn1\Desktop\DailyRecordings_LateTimepoints\IOBP\1-2_Day10\metrics\1-2_Day10_metrics.xlsx,460,244,216,460,460.0,0,0.5304347826086957,0.08413136395606775,0.08250825082508251,0.0,7,2.0,2.0,14,0.05737704918032787,15.217391304347826,0.030434782608695653
IOBP,1-3,10,1-3_Day10,C:\Users\mzinn1\Desktop\DailyRecordings_LateTimepoints\IOBP\1-3_Day10\metrics\1-3_Day10_metrics.xlsx,1252,631,620,1251,1252.0,-1,0.5039936102236422,0.07203454101353082,0.07425742574257425,0.0,35,2.2285714285714286,2.0,78,0.12361331220285261,27.955271565495206,0.06230031948881789
IOBP,1-4,10,1-4_Day10,C:\Users\mzinn1\Desktop\DailyRecordings_LateTimepoints\IOBP\1-4_Day10\metrics\1-4_Day10_metrics.xlsx,656,393,263,656,656.0,0,0.5990853658536586,0.08040880423920253,0.08250825082508251,0.0,10,2.1,2.0,21,0.05343511450381679,15.24390243902439,0.03201219512195122
IOBP,1-5,10,1-5_Day10,C:\Users\mzinn1\Desktop\DailyRecordings_LateTimepoints\IOBP\1-5_Day10\metrics\1-5_Day10_metrics.xlsx,736,306,430,736,736.0,0,0.4157608695652174,0.08693026165361635,0.08250825082508251,0.0,10,2.1,2.0,21,0.06862745098039216,13.58695652173913,0.028532608695652172
BP,1-1,13,1-1_Day13,C:\Users\mzinn1\Desktop\DailyRecordings_LateTimepoints\BP\1-1_Day13\metrics\1-1_Day13_metrics.xlsx,1610,889,721,1610,1610.0,0,0.5521739130434783,0.13838926074834706,0.1402640264026403,0.0,23,2.347826086956522,2.0,54,0.06074240719910011,14.285714285714286,0.03354037267080745
BP,1-2,13,1-2_Day13,C:\Users\mzinn1\Desktop\DailyRecordings_LateTimepoints\BP\1-2_Day13\metrics\1-2_Day13_metrics.xlsx,867,457,410,867,867.0,0,0.5271049596309112,0.12199305269695461,0.1237623762376238,0.0,15,2.0,2.0,30,0.06564551422319474,17.301038062283737,0.03460207612456748
BP,1-3,13,1-3_Day13,C:\Users\mzinn1\Desktop\DailyRecordings_LateTimepoints\BP\1-3_Day13\metrics\1-3_Day13_metrics.xlsx,1191,440,751,1191,1191.0,0,0.3694374475230898,0.10941719171917193,0.1072607260726073,0.0,6,2.0,2.0,12,0.02727272727272727,5.037783375314861,0.010075566750629723
BP,1-4,13,1-4_Day13,C:\Users\mzinn1\Desktop\DailyRecordings_LateTimepoints\BP\1-4_Day13\metrics\1-4_Day13_metrics.xlsx,786,368,418,786,786.0,0,0.4681933842239186,0.11190181518151816,0.1072607260726073,0.0,4,2.25,2.0,9,0.024456521739130436,5.089058524173028,0.011450381679389313
BP,1-5,13,1-5_Day13,C:\Users\mzinn1\Desktop\DailyRecordings_LateTimepoints\BP\1-5_Day13\metrics\1-5_Day13_metrics.xlsx,1460,513,947,1460,1460.0,0,0.35136986301369866,0.10980191586410103,0.1072607260726073,0.0,8,2.0,2.0,16,0.031189083820662766,5.47945205479452,0.010958904109589041
IOBP,1-1,13,1-1_Day13,C:\Users\mzinn1\Desktop\DailyRecordings_LateTimepoints\IOBP\1-1_Day13\metrics\13-1_IOBP_metrics.xlsx,874,508,366,874,874.0,0,0.5812356979405034,0.08984953613471584,0.09075907590759076,0.0,10,2.0,2.0,20,0.03937007874015748,11.441647597254004,0.02288329519450801
IOBP,1-2,13,1-2_Day13,C:\Users\mzinn1\Desktop\DailyRecordings_LateTimepoints\IOBP\1-2_Day13\metrics\13-2_IOBP_metrics.xlsx,572,375,197,572,572.0,0,0.6555944055944056,0.09181518151815181,0.09075907590759076,0.0,4,2.0,2.0,8,0.021333333333333333,6.993006993006993,0.013986013986013986
IOBP,1-3,13,1-3_Day13,C:\Users\mzinn1\Desktop\DailyRecordings_LateTimepoints\IOBP\1-3_Day13\metrics\13-3_IOBP_metrics.xlsx,1059,703,356,1059,1059.0,0,0.663833805476865,0.08416311047889996,0.08250825082508251,0.0,24,2.125,2.0,51,0.07254623044096728,22.662889518413596,0.04815864022662889
IOBP,1-4,13,1-4_Day13,C:\Users\mzinn1\Desktop\DailyRecordings_LateTimepoints\IOBP\1-4_Day13\metrics\13-4_IOBP_metrics.xlsx,766,452,313,765,766.0,-1,0.5900783289817232,0.08803922427640994,0.09075907590759076,0.0,7,2.0,2.0,14,0.030973451327433628,9.138381201044387,0.018276762402088774
BP,1-1,21,1-1_Day21,C:\Users\mzinn1\Desktop\DailyRecordings_LateTimepoints\BP\1-1_Day21\metrics\1-1_Day21_metrics.xlsx,1163,2,1161,1163,1163.0,0,0.0017196904557179708,0.057755775577557754,0.057755775577557754,0.0,0,,,0,0.0,0.0,0.0
BP,1-2,21,1-2_Day21,C:\Users\mzinn1\Desktop\DailyRecordings_LateTimepoints\BP\1-2_Day21\metrics\1-2_Day21_metrics.xlsx,482,0,482,482,482.0,0,0.0,,,,0,,,0,,0.0,0.0
BP,1-3,21,1-3_Day21,C:\Users\mzinn1\Desktop\DailyRecordings_LateTimepoints\BP\1-3_Day21\metrics\1-3_Day21_metrics.xlsx,803,1,802,803,803.0,0,0.0012453300124533001,0.04125412541254125,0.04125412541254125,0.0,0,,,0,0.0,0.0,0.0
BP,1-4,21,1-4_Day21,C:\Users\mzinn1\Desktop\DailyRecordings_LateTimepoints\BP\1-4_Day21\metrics\1-4_Day21_metrics.xlsx,531,1,530,531,531.0,0,0.0018832391713747645,0.1155115511551155,0.1155115511551155,0.0,0,,,0,0.0,0.0,0.0
BP,1-5,21,1-5_Day21,C:\Users\mzinn1\Desktop\DailyRecordings_LateTimepoints\BP\1-5_Day21\metrics\1-5_Day21_metrics.xlsx,12,0,12,12,12.0,0,0.0,,,,0,,,0,,0.0,0.0
IOBP,1-1,21,1-1_Day21,C:\Users\mzinn1\Desktop\DailyRecordings_LateTimepoints\IOBP\1-1_Day21\metrics\21-1_IOBP_metrics.xlsx,799,505,294,799,799.0,0,0.6320400500625782,0.07098977224455119,0.066006600660066,0.0,16,2.0,2.0,32,0.06336633663366337,20.02503128911139,0.04005006257822278
IOBP,1-2,21,1-2_Day21,C:\Users\mzinn1\Desktop\DailyRecordings_LateTimepoints\IOBP\1-2_Day21\metrics\21-2_IOBP_metrics.xlsx,571,335,235,570,571.0,-1,0.5866900175131349,0.07433131372838776,0.07425742574257425,0.0,9,2.0,2.0,18,0.05373134328358209,15.761821366024519,0.03152364273204904
IOBP,1-3,21,1-3_Day21,C:\Users\mzinn1\Desktop\DailyRecordings_LateTimepoints\IOBP\1-3_Day21\metrics\21-3_IOBP_metrics.xlsx,1031,672,358,1030,1031.0,-1,0.6517943743937924,0.06382111425428257,0.05775577557755775,0.0,31,2.193548387096774,2.0,68,0.10119047619047619,30.067895247332686,0.06595538312318137
IOBP,1-4,21,1-4_Day21,C:\Users\mzinn1\Desktop\DailyRecordings_LateTimepoints\IOBP\1-4_Day21\metrics\21-4_IOBP_metrics.xlsx,855,550,305,855,855.0,0,0.6432748538011696,0.07496249624962496,0.07425742574257425,0.0,18,2.0555555555555554,2.0,37,0.06727272727272728,21.05263157894737,0.04327485380116959
IOBP,1-5,21,1-5_Day21,C:\Users\mzinn1\Desktop\DailyRecordings_LateTimepoints\IOBP\1-5_Day21\metrics\21-5_IOBP_metrics.xlsx,693,371,322,693,693.0,0,0.5353535353535354,0.07105494916068426,0.07425742574257425,0.0,8,2.0,2.0,16,0.0431266846361186,11.544011544011545,0.023088023088023088
BP,1-1,28,1-1_Day28,C:\Users\mzinn1\Desktop\DailyRecordings_LateTimepoints\BP\1-1_Day28\metrics\1-1_Day28_metrics.xlsx,492,1,491,492,492.0,0,0.0020325203252032522,0.1237623762376238,0.1237623762376238,0.0,0,,,0,0.0,0.0,0.0
BP,1-2,28,1-2_Day28,C:\Users\mzinn1\Desktop\DailyRecordings_LateTimepoints\BP\1-2_Day28\metrics\1-2_Day28_metrics.xlsx,307,2,305,307,307.0,0,0.006514657980456026,0.09075907590759077,0.09075907590759077,0.0,0,,,0,0.0,0.0,0.0
BP,1-3,28,1-3_Day28,C:\Users\mzinn1\Desktop\DailyRecordings_LateTimepoints\BP\1-3_Day28\metrics\1-3_Day28_metrics.xlsx,289,2,287,289,289.0,0,0.006920415224913495,0.11551155115511552,0.11551155115511552,0.0,0,,,0,0.0,0.0,0.0
BP,1-4,28,1-4_Day28,C:\Users\mzinn1\Desktop\DailyRecordings_LateTimepoints\BP\1-4_Day28\metrics\1-4_Day28_metrics.xlsx,330,5,325,330,330.0,0,0.015151515151515152,0.132013201320132,0.099009900990099,0.0,0,,,0,0.0,0.0,0.0
BP,1-5,28,1-5_Day28,C:\Users\mzinn1\Desktop\DailyRecordings_LateTimepoints\BP\1-5_Day28\metrics\1-5_Day28_metrics.xlsx,527,0,527,527,527.0,0,0.0,,,,0,,,0,,0.0,0.0
IOBP,1-1,28,1-1_Day28,C:\Users\mzinn1\Desktop\DailyRecordings_LateTimepoints\IOBP\1-1_Day28\metrics\28-1_IOBP_metrics.xlsx,827,633,194,827,827.0,0,0.7654171704957679,0.07889770019655994,0.08250825082508251,0.0,19,2.210526315789474,2.0,42,0.06635071090047394,22.97460701330109,0.05078597339782346
IOBP,1-2,28,1-2_Day28,C:\Users\mzinn1\Desktop\DailyRecordings_LateTimepoints\IOBP\1-2_Day28\metrics\28-2_IOBP_metrics.xlsx,480,380,100,480,480.0,0,0.7916666666666666,0.08307278096230676,0.08663366336633663,0.0,14,2.142857142857143,2.0,30,0.07894736842105263,29.166666666666668,0.0625
IOBP,1-3,28,1-3_Day28,C:\Users\mzinn1\Desktop\DailyRecordings_LateTimepoints\IOBP\1-3_Day28\metrics\28-3_IOBP_metrics.xlsx,967,814,153,967,967.0,0,0.8417786970010341,0.081008100810081,0.08250825082508251,0.0,24,2.1666666666666665,2.0,52,0.06388206388206388,24.819027921406413,0.05377456049638056
IOBP,1-4,28,1-4_Day28,C:\Users\mzinn1\Desktop\DailyRecordings_LateTimepoints\IOBP\1-4_Day28\metrics\28-4_IOBP_metrics.xlsx,704,583,120,703,704.0,-1,0.828125,0.08355552536385716,0.08250825082508251,0.0,16,2.25,2.0,36,0.06174957118353345,22.727272727272727,0.05113636363636364
IOBP,1-5,28,1-5_Day28,C:\Users\mzinn1\Desktop\DailyRecordings_LateTimepoints\IOBP\1-5_Day28\metrics\28-5_IOBP_metrics.xlsx,621,412,208,620,621.0,-1,0.6634460547504025,0.07285558652952674,0.07425742574257425,0.0,14,2.0714285714285716,2.0,29,0.0703883495145631,22.544283413848632,0.04669887278582931
