peak_index,prev_sharpness_preonly,prev_depth,prev_sharpness,sum_depth_preonly,sum_sharpness_preonly,next_depth,sum_sharpness,sum_depth,next_sharpness,next_sharpness_preonly,next_depth_preonly,prev_depth_preonly
50,0.000000,107.999963,93.999967,117.000000,40.000000,92.000012,102.999978,98.000007,90.000005,105.000000,127.000000,0.000000
57,94.000000,108.000001,94.000000,98.000000,103.000000,91.999999,102.999999,98.000001,89.999998,90.000000,92.000000,108.000000
71,104.000000,81.401339,86.812669,118.000000,55.000000,80.337996,50.258667,89.552003,37.001998,21.000000,43.000000,130.000000
79,75.049321,48.149171,75.053003,70.081635,47.013606,105.890905,47.023607,70.087803,47.963350,47.954080,105.892854,48.139459
91,105.000000,82.500000,77.500000,120.000000,128.000000,111.500000,129.000000,126.000000,127.000000,123.000000,90.000000,127.000000
103,50.135994,8.000009,8.000013,131.970329,129.995055,83.000015,90.000012,34.000030,118.000004,130.980219,132.893677,38.220063
105,8.000000,8.000000,8.000000,34.000000,90.000000,83.000000,90.000000,34.000000,118.000000,118.000000,83.000000,8.000000
122,109.000000,97.154661,78.449995,130.000000,120.000000,96.996004,100.040663,129.592667,104.814667,104.000000,75.000000,133.000000
140,34.000150,58.491603,50.490743,129.000002,71.000098,26.794724,17.336028,20.872063,29.784669,105.999996,128.999892,45.000176
143,51.000000,56.762786,52.641514,21.000000,17.000000,28.854654,21.452996,20.419988,31.604746,29.000000,26.000000,59.000000
146,41.462607,59.516748,77.941688,19.265928,19.601107,20.944708,37.036714,21.073587,22.572681,40.271465,37.271465,52.063714
148,98.051685,64.836264,97.562577,21.915806,46.775156,13.990964,48.488909,24.111967,15.485298,12.905767,12.078943,63.387618
154,84.087017,104.391841,87.092102,84.843714,95.900129,70.161037,100.633345,85.710478,91.920877,86.787798,66.838018,104.906071
159,107.701641,68.710051,82.259007,92.900546,128.589754,98.760328,130.055552,79.504593,128.185173,121.564890,88.726502,105.987568
161,82.413391,47.051868,62.014085,73.264680,130.452543,103.018394,128.965003,73.073064,129.640630,130.029687,99.956720,62.148394
163,54.478488,37.988600,52.747057,79.645151,133.045805,96.002432,122.073228,62.820263,120.089638,133.318937,109.821548,39.642722
165,31.304359,46.396983,69.914356,57.330997,119.098880,76.457434,111.802595,50.789372,95.220974,129.014923,99.967830,26.800678
167,95.237478,64.715405,92.878621,44.106942,108.135070,52.063001,93.817028,47.438654,62.428418,73.741767,61.144126,57.930829
171,86.699755,78.931598,74.998404,60.021774,44.201611,20.922723,35.472606,47.020825,23.447713,21.723668,19.510238,89.938422
174,60.743712,69.984394,65.551282,31.523965,24.553160,25.174751,29.943891,37.152878,28.105125,25.211089,22.343243,65.857830
179,96.502218,83.650149,110.896118,78.352776,63.476863,57.950985,92.000174,63.907613,66.417581,46.737737,43.737781,100.514739
181,114.529412,72.771208,110.280343,51.943903,94.684250,78.836942,107.789120,68.734796,91.418898,56.495279,50.571858,78.332648
183,129.326927,57.816110,88.243199,68.693122,123.570080,101.208297,108.857539,84.124040,110.607646,110.330886,87.247578,79.553252
190,33.077187,43.082556,44.273108,105.158656,89.324447,108.350032,88.125555,105.414636,101.572293,111.598669,120.421012,28.625742
198,103.000000,73.999430,69.999810,107.000000,82.000000,81.498005,81.001900,99.491164,78.002850,49.000000,45.000000,119.000000
204,40.130108,68.333446,66.959706,92.711388,80.094852,74.076920,90.229300,55.806502,93.795004,104.249299,114.537911,33.268329
207,68.987984,70.999443,68.985710,53.015047,90.995782,71.027998,90.984768,53.034413,92.999814,93.005134,71.017749,70.984243
218,63.000000,49.275339,27.270834,103.999998,62.000001,48.837885,21.152524,38.947486,37.724650,79.000001,97.999999,110.999998
221,12.634014,18.099718,11.341991,4.255597,2.745899,54.278176,5.872492,24.012757,33.298615,12.832921,13.069122,26.069122
226,10.151814,70.441686,72.259096,40.889931,8.469091,75.902296,76.406082,63.069066,78.306748,50.814008,89.627928,11.138057
230,99.965430,97.510142,103.456519,72.988685,106.962318,60.053435,100.769707,73.255522,75.923840,90.985607,70.009635,96.966638
234,112.383462,97.263306,105.076806,73.952574,85.090794,35.413087,78.455474,71.540460,38.325866,37.655849,34.754758,98.905147
239,55.721220,91.715024,75.268746,55.236275,33.634320,30.160909,49.306906,62.650049,32.405957,42.900747,39.913104,86.161657
243,125.490435,99.957424,112.475803,81.672045,89.201853,24.504759,93.522361,76.881772,32.799797,4.897156,4.754871,106.004028
247,88.990417,54.839069,54.202843,72.520927,114.858239,70.936486,65.255336,53.277166,82.350531,103.970221,73.489037,93.663631
249,46.210745,33.529966,34.309277,26.776258,46.631645,85.360154,45.521414,64.417713,80.201501,69.402502,55.703792,45.592479
263,18.011865,97.999998,70.999998,115.903415,43.979068,124.999999,120.999997,124.999998,124.999998,94.963562,125.928923,17.010045
275,71.000000,20.192896,21.123659,125.000000,121.000000,42.205251,11.272018,6.294279,46.195348,125.000000,125.000000,98.000000
277,21.002270,20.008262,21.006492,6.005402,11.004994,42.007263,11.009397,6.010850,46.005130,46.003586,42.003768,20.003541
294,114.000000,39.047015,27.048127,126.000000,108.000000,116.001637,51.031515,89.020451,99.988915,80.000000,119.000000,124.000000
301,27.000000,88.069474,86.638284,89.000000,51.000000,80.518996,61.568810,86.735255,49.420696,100.000000,116.000000,39.000000
308,105.999996,104.018783,106.010617,86.000000,64.999999,68.956294,65.020197,86.025978,32.996998,33.000003,69.000002,103.999997
317,117.000000,77.500073,79.499984,112.000000,85.000000,32.500109,55.500039,61.500088,35.500102,30.000000,27.000001,123.000000
319,62.170607,56.489096,62.173337,38.163084,41.867544,35.055247,41.876471,38.181097,38.054413,38.041644,35.041644,56.473669
329,71.999987,79.499985,53.500232,102.999959,73.999979,102.000047,71.500160,105.500002,93.000034,83.999981,83.999979,111.999964
338,35.004566,77.923043,129.764549,107.999383,69.000617,121.994587,126.856040,112.987161,107.984764,101.997779,119.995558,47.008021
347,130.000000,17.679711,27.357636,113.000000,127.000000,21.437162,17.320410,7.629515,23.211018,108.000000,122.000000,78.000000
349,3.000536,31.578440,49.165233,1.000473,1.000532,29.333442,32.723981,14.821541,31.432595,15.000393,14.000456,3.000317
351,68.795273,53.549601,74.473298,18.545407,44.863516,48.354615,56.891867,33.218285,47.904485,36.931758,33.738583,42.477164
357,95.968525,34.815952,35.564901,87.567739,101.713247,31.227135,28.339562,24.106143,27.804724,88.696481,102.574185,94.734427
359,16.939633,25.020107,22.011175,4.174377,4.839867,19.955773,20.263185,13.069060,23.501359,8.032800,8.696560,15.938119
364,47.565094,75.949205,89.353474,70.117427,116.533005,65.353357,105.361470,52.870222,82.174061,124.483191,92.881194,82.117407
366,104.997003,71.656211,106.310189,54.901455,115.774651,43.679119,89.804662,39.700990,52.001437,81.383922,66.933344,77.133431
368,104.215062,71.892855,113.517996,27.200233,67.844393,29.003700,81.415598,34.648332,32.712812,34.694482,30.083946,65.405410
370,123.094600,76.242589,108.714203,37.932393,93.424399,21.091308,71.761673,37.302190,23.090600,31.361715,28.394853,74.908120
373,86.199789,78.937443,86.199391,36.982665,38.037461,9.423831,38.037732,36.985313,9.842697,9.841562,9.422797,78.935923
383,76.000001,99.686645,74.829035,104.999979,44.999994,29.708243,39.627508,76.920582,32.762304,38.999990,35.999991,117.999988
386,74.265928,70.671756,61.654030,46.041568,33.728535,31.990982,32.288205,40.573082,36.946573,25.127428,22.127428,79.850427
390,31.150404,32.383079,22.206761,28.454550,30.100247,56.266809,22.340101,17.679478,66.937691,66.808340,57.142735,51.162423
392,15.946331,29.188438,23.102106,12.692103,19.787388,46.480027,17.371312,13.046491,55.158181,72.565371,60.388853,21.583997
395,29.205670,37.535331,37.194026,13.230537,11.005179,30.128709,18.683544,12.522089,33.753675,31.062249,26.671392,38.866785
397,42.670626,39.079425,40.137529,12.491655,23.819867,28.217348,21.776392,12.741540,32.026557,36.055285,32.962196,36.916665
400,34.829676,39.091474,41.754747,9.448478,8.210980,43.893339,41.467145,19.777496,57.254490,12.384077,11.956609,42.804209
402,44.714430,36.472359,44.487359,24.960963,56.637848,59.770323,55.113307,23.792386,79.086709,74.197671,55.340484,38.848323
404,44.911694,37.098072,47.248047,23.875707,57.274983,64.093076,57.332787,26.425757,84.173022,86.621482,65.771724,34.424475
410,114.821438,67.955970,68.968596,93.819100,57.988436,71.493216,67.482235,110.888005,63.029277,13.184386,13.133759,113.796218
425,23.050856,100.000000,62.000000,127.981206,76.989497,50.000000,43.000000,80.000000,57.000000,112.944722,129.935325,22.050856
432,62.000000,100.000063,61.999996,80.000000,43.000000,49.999907,42.999894,80.000068,56.999818,57.000000,50.000000,100.000000
444,61.000000,46.283949,32.342323,96.000000,18.000000,60.361285,55.020346,51.970856,75.215668,14.000000,28.000000,115.000000
446,8.977854,27.694376,34.529678,40.509711,70.889181,68.866462,65.367945,32.842740,90.624617,103.304683,74.819931,16.157923
448,47.183836,31.015228,47.183837,26.788462,63.955911,67.019743,63.955912,26.788463,86.360687,86.360687,67.019743,31.015227
461,102.000000,69.094036,62.300878,121.000000,126.000000,78.169219,78.031857,64.178784,99.438948,121.000000,88.000000,128.000000
463,43.515314,43.786202,49.908257,43.507791,62.397904,77.439224,56.794826,45.282735,85.649136,96.875067,73.378828,49.776732
466,58.622824,19.263497,28.070990,39.118216,53.977263,94.506389,31.327424,59.018808,71.868841,76.404178,76.350194,39.494382
474,2.108986,61.069657,93.415611,75.943453,12.075020,56.422722,69.483053,38.521026,55.287778,68.008643,109.945285,2.068162
476,97.995641,63.664341,84.555776,29.002134,71.997276,75.514266,64.666582,57.921158,59.924885,53.000681,47.002861,59.997367
487,65.012539,98.992589,93.500855,99.973021,54.006840,123.985368,88.996770,116.483373,89.992969,69.993540,116.973401,68.996580
511,122.000000,120.000000,123.000000,133.000000,124.000000,54.000000,110.000000,109.000000,62.000000,110.000000,131.000000,129.000000
518,123.000000,120.000000,123.000000,109.000000,110.000000,54.000000,110.000000,109.000000,62.000000,62.000000,54.000000,120.000000
549,128.000000,83.986978,53.999408,134.000000,132.000000,109.001776,70.003256,90.998816,92.001776,128.000000,134.000000,134.000000
557,54.000000,45.891494,52.402610,91.000000,70.000000,114.081686,79.583421,87.427778,97.137444,92.000000,109.000000,84.000000
563,52.000170,63.816907,112.964725,87.000339,80.999067,60.702228,100.049932,41.279614,68.468028,97.999491,114.999491,40.003732
565,115.841751,65.076463,115.847073,39.118687,100.950547,58.076463,100.866806,39.293517,66.950669,67.076652,58.140940,64.938185
574,117.999988,103.660500,92.780957,109.999564,67.000209,43.991896,52.076447,89.091925,23.930973,16.000313,32.000160,120.999656
579,46.258739,61.234468,68.002115,50.215616,23.158119,93.542919,60.939566,73.759903,59.457489,36.924534,63.885005,73.172493
587,82.937073,53.156207,82.977949,89.931971,86.891154,113.780426,86.870709,89.972335,74.872393,74.935373,113.914964,53.034014
598,107.000000,84.110572,95.641694,114.000000,75.000000,44.528691,67.554974,65.651953,44.006998,38.000000,35.000000,125.000000
600,91.647770,65.258915,91.387036,43.818376,56.723536,61.407213,72.889966,51.881513,55.803625,36.537883,34.268941,73.094841
604,90.501898,56.999416,91.326306,58.844003,89.549521,61.610662,76.304281,39.275052,62.139521,76.289427,90.919938,55.294483
606,91.939202,63.781369,88.292920,31.583970,73.986776,43.695351,61.947894,39.678537,46.868941,60.033095,54.180536,55.950954
610,89.142357,50.107646,48.546759,57.624914,35.852171,56.403267,25.200243,62.626762,41.974751,7.564225,7.232992,92.196197
616,9.936828,19.947782,20.900596,67.572947,14.948857,78.573306,46.670234,32.853052,89.519869,74.537820,103.114836,10.173745
618,19.968510,21.131128,22.105528,13.138071,30.958103,88.218467,61.239970,46.760855,97.076203,80.989141,65.103601,18.971254
622,24.403972,11.855429,12.140315,73.774994,86.490163,84.966035,34.665920,33.044465,75.720896,110.947076,106.397464,23.403973
625,7.330633,13.199110,10.826763,17.184817,14.465863,79.784803,19.413351,23.943188,64.306066,61.981585,76.641181,7.312114
641,60.000000,121.121278,100.168623,119.000000,89.000000,56.572936,92.701224,110.448377,64.479498,97.000000,124.000000,96.000000
651,101.000000,66.358839,62.262610,111.000000,93.000000,74.787831,79.413627,74.277976,88.238553,64.000000,56.000000,122.000000
653,39.591079,47.671892,56.656526,44.473669,63.026598,94.008692,85.820580,77.214496,101.586373,92.511285,69.159054,44.507791
664,79.743711,86.999738,59.002003,121.584781,116.735296,60.001629,49.003229,62.002610,72.000780,113.954923,127.779773,51.853904
669,59.000000,88.095228,61.411394,62.000000,49.000000,59.636453,51.469591,63.620487,71.448927,72.000000,60.000000,87.000000
675,110.871424,63.648854,66.278188,96.913458,97.878841,62.743128,90.500831,61.990033,79.926328,58.034617,51.022254,112.935712
677,58.363803,39.049400,41.972597,61.178157,109.694923,56.256387,65.351921,37.507114,71.859528,103.324592,77.317534,53.054323
679,27.420887,35.557419,32.753812,19.389307,37.961955,40.836564,34.152154,23.740245,49.543034,55.043402,44.823417,24.709775
683,51.360913,77.957175,58.275936,38.365379,18.659438,47.535332,40.788425,54.072390,47.194838,28.359940,25.336413,74.101784
690,77.938178,65.707180,107.644999,98.854105,103.789816,82.440871,120.189592,59.085371,109.705928,100.819491,110.787345,88.970321
692,111.577080,59.099854,101.779287,56.534492,124.738494,80.468591,115.877550,54.436017,106.900664,115.813159,81.372714,64.310844
694,117.106542,48.803098,79.481234,52.357669,120.609032,85.649510,104.728511,54.740233,105.863478,101.378722,74.430635,65.468657
697,45.595108,33.992705,45.727143,56.712369,90.090079,95.353712,90.018844,56.841923,109.024312,109.183265,95.492647,33.750016
705,89.999739,80.678158,90.367416,101.999813,66.000073,43.652287,60.072210,64.776800,41.860129,56.000237,49.000220,116.999615
707,104.621171,57.453501,76.485444,46.439548,63.806825,59.136032,52.063191,55.967424,45.864429,27.488717,24.144009,77.522836
713,41.456829,74.498153,55.708036,66.991097,37.305424,81.490666,36.845083,64.874075,52.025348,68.428207,102.590269,31.639201
719,57.999983,41.407015,47.892478,65.000003,36.999999,24.780753,30.548750,23.026551,19.278022,50.000017,79.000023,80.999958
721,17.039313,46.873707,70.827704,4.987830,4.612480,14.485685,50.118074,21.880767,15.218048,9.039313,10.414663,17.177534
723,96.808236,65.307070,92.208974,28.384460,73.116177,15.044733,63.290524,34.015618,16.372041,18.023823,15.887071,59.364837
727,79.219652,72.142410,62.143793,53.120484,31.300416,45.236994,28.811154,57.023829,26.358301,9.610384,9.468450,87.257911
734,36.310698,52.907113,40.863162,62.931796,25.022757,95.105314,28.553044,65.383297,49.712199,51.674168,99.310443,49.295522
742,133.000000,109.264967,107.416117,115.000000,100.000000,29.766719,85.709900,99.689537,30.538829,10.000000,10.000000,126.000000
747,42.654731,36.846473,26.974347,58.043200,46.971255,110.072068,84.637939,100.962059,109.520186,81.687007,78.740965,68.061186
761,16.000473,130.997376,130.997259,130.998600,110.998770,11.003358,97.000668,122.999364,11.003860,128.999129,131.999016,15.000984
771,131.000000,115.900529,113.824557,123.000000,97.000000,34.779953,104.273693,108.358998,44.502264,11.000000,11.000000,131.000000
775,84.323868,49.041750,45.138372,79.181590,121.766927,91.984708,117.002188,62.995185,124.182373,118.640876,87.205930,91.944461
777,25.169208,27.476971,25.282654,54.461384,114.925872,95.283844,114.938645,54.592357,128.157455,128.174019,95.233710,27.316848
791,88.000000,89.812002,70.312377,127.000000,122.000000,63.285117,62.855771,65.341832,76.571751,119.000000,123.000000,116.000000
796,68.000000,75.005321,81.497245,67.000001,60.000001,58.994490,72.992779,50.005892,69.992779,77.000001,63.000001,92.000000
798,87.738582,67.470970,87.549472,42.144008,79.007523,56.903943,78.606229,42.498327,66.448165,66.765180,57.151531,67.144008
805,67.010644,102.997727,67.018032,80.981702,35.019485,30.148029,35.036738,81.016350,32.041600,32.011969,30.009639,102.982854
816,70.000000,49.320341,34.029260,94.999998,41.999999,35.313498,14.205373,23.875187,30.103173,43.999999,85.999994,108.999999
819,26.108795,37.095841,26.789443,8.215118,8.084069,25.007079,8.827084,9.365749,27.525154,27.042035,24.153303,36.180501
828,80.999369,29.439127,23.344266,100.998932,67.999311,50.793224,21.919675,31.336338,46.748727,65.999552,92.999208,109.999151
830,12.414663,9.745260,9.159519,8.600310,7.035256,57.977410,16.890881,24.160853,57.963268,26.944461,25.367237,13.790014
833,5.763723,9.700297,10.237477,29.377196,20.373026,90.617338,29.947570,46.010769,84.886726,74.050828,73.516002,5.776831
837,13.697536,13.308836,13.971082,59.117784,37.503324,103.685396,37.357808,59.220485,93.144573,93.633652,104.256097,12.731588
845,55.999987,102.000099,56.000279,74.999995,15.000007,15.999964,15.000273,75.000202,17.999951,18.000023,16.000027,101.999973
856,124.999999,129.770984,121.111077,123.999999,77.999999,0.952574,74.585336,120.585336,0.952574,1.000000,1.000000,131.999999
