,derivative_skew,derivative_asymmetry,spike_prom_mean,spike_prom_skew,range_trace,var_of_var,ac_decay,snr_estimate,peak_density,median_spike_prom
derivative_skew,1.0,0.4699720954342178,0.4336884864376575,0.7103749701641879,0.7364190187100411,0.3978076763263504,-0.3706865720049328,0.13519697924843108,-0.6378436277390139,0.4771787238990156
derivative_asymmetry,0.4699720954342178,1.0,0.08789976305338994,0.2926325328903601,0.24164817809139608,0.2890875345057969,0.07125489695004196,0.0025227928036753848,-0.23705932376862388,0.1986717333398411
spike_prom_mean,0.4336884864376575,0.08789976305338994,1.0,0.2150213919723386,0.5499437525532874,0.16739376887596089,-0.2033095825240432,-0.020668277414535804,-0.3818608826519171,0.7680573904279747
spike_prom_skew,0.7103749701641879,0.2926325328903601,0.2150213919723386,1.0,0.5537718951979792,0.2729798333912618,-0.3763141719354911,0.23038222404853168,-0.45043415737207504,0.28623959874607613
range_trace,0.7364190187100411,0.24164817809139608,0.5499437525532874,0.5537718951979792,1.0,0.45431264275804306,-0.4987217544205854,0.19183162378396204,-0.7223380290270033,0.5337314211095526
var_of_var,0.3978076763263504,0.2890875345057969,0.16739376887596089,0.2729798333912618,0.45431264275804306,1.0,-0.08245115828040826,0.17678686252381048,-0.23086601792157313,0.44750128786040955
ac_decay,-0.3706865720049328,0.07125489695004196,-0.2033095825240432,-0.3763141719354911,-0.4987217544205854,-0.08245115828040826,1.0,-0.08525420422184447,0.5362690582144176,-0.152303595810633
snr_estimate,0.13519697924843108,0.0025227928036753848,-0.020668277414535804,0.23038222404853168,0.19183162378396204,0.17678686252381048,-0.08525420422184447,1.0,-0.08295694832626485,-0.0005668684998969759
peak_density,-0.6378436277390139,-0.23705932376862388,-0.3818608826519171,-0.45043415737207504,-0.7223380290270033,-0.23086601792157313,0.5362690582144176,-0.08295694832626485,1.0,-0.36930520800357175
median_spike_prom,0.4771787238990156,0.1986717333398411,0.7680573904279747,0.28623959874607613,0.5337314211095526,0.44750128786040955,-0.152303595810633,-0.0005668684998969759,-0.36930520800357175,1.0
